{
  "Horizon GT4": "Nissan Skyline GT-R '02",
  "Ninja SX ": "Honda NSX-R '02",
  "Hachi-Roku": "Toyota AE86 '83",
  "Veneom GT500CR": "Veneom GT500CR",
  "Thunderstrike": "Dodge Charger R/T '68",
  "Godzilla R3": "Nissan Skyline GT-R '95",
  "Bimmy P30": "BMW E30 M3 '86",
  "Falcon RZ": "Mazda RX7 FD '91",
  "Wellington S20": "Nissan Silvia PS13 '88",
  "Wanderer L30": "Toyota Supra RZ '93",
  "STG 440": "Dodge Ram SRT-10 '05",
  "Hornet GT": "Chevrolet Camaro SS '16",
  "Spector RS": "Nissan Silvia S15 '99",
  "Steel DM": "DMC Delorean '81",
  "Piranha X": "Nissan 350z '03",
  "Burner JDM": "Toyota Chaser V '92",
  "Thor 8800": "Peterbilt 379 '87",
  "Black Jack X22": " Ford Hoonicorn V1 '14",
  "Phoenix NX": "Nissan 180sx '89",
  "Asura M1": "Toyota GT86 '12",
  "Judge": "Holden VF Commodore '13",
  "Caravan G6": "Volvo 240 Estate '74",
  "Voodoo": "Dodge Viper SRT '13",
  "Raven RV8": "HSV Maloo R8 '13",
  "DTM 46": "BMW E46 M3 '00",
  "Syberia SWI": "Subaru WRX STI '04",
  "EVA MR": "Mitsubishi Evo 9 '05",
  "Atlas GT": "Nissan GT-R '11",
  "Panther M5": "Mazda Miata MX5 '16",
  "Cobra GT530": "Mustang Shelby GT350 '16",
  "UDM 3": "BMW M3 E92 GTS '19",
  "Loki 4M": "BMW M4 '14",
  "Magnum RT": "Dodge Challenger R/T '15",
  "VZ 210": "Lada 2107 '82",
  "Samurai II": "Toyota Mark II '92",
  "Fujin SX": "Nissan Silvia S14 '93",
  "Rabe": "Rabe",
  "Mifune": "Toyota Altezza '98",
  "SpeedLine GT": "Audi R8 '06",
  "Wütend": "BMW M3 E36 '92",
  "Void": "Void",
  "Falcon FC 90-s": "Mazda RX7 FC '85",
  "Interceptor": "Jeep Grand Cherokee '12",
  "Cobra": "Mercedes Benz E 63 '14",
  "Midnight": "Datsun 240z '70",
  "Last Prince": "Nissan Skyline GT-R '89",
  "Hunter": "BMW M2 '15",
  "Pirate": "Nissan Laurel C33 '89",
  "Owl": "Owl",
  "Shark GT": "BMW M5 E60 '04",
  "Python RX": "Python RX",
  "Panther M5 90-s": "Mazda Miata MX5 '90",
  "EVA X": "Mitsubishi Evo X '07",
  "Kanniedood": "Datsun 620 '73",
  "Betsy": "Dodge Ram Van '94",
  "Sorrow": "Lexus SC300 '94",
  "SpaceKnight": "Lexus LFA '12",
  "VZ212": "Lada 2101 '70",
  "Black Jack X150": "Ford Hoonitruck F150 '18",
  "Syberia WDC": "Subaru WRX '08",
  "Imperior": "Mercedes Benz EVO II '90",
  "Karnage 7C": "Chevrolet Corvette C7 '14",
  "Bug Catcher": "Volkswagen Beetle '62",
  "Mercher KLC": "Mercher KLC",
  "Flanker F": "Flanker F '18",
  "Lynx": "Mazda RX8 '03",
  "Hakosuka": "Nissan Skyline 2000GT '71",
  "Rolla ZR": "Toyota Corolla '19",
  "Warrior": "Ford Falcon '70",
  "Carrot II": "Toyota Mark II JZX100 '96",
  "Cargo": "Freightliner Cascadia '07",
  "Spark ZR": "Chevrolet Corvette C6 '04",
  "Shadow XTR": "Ford Mustang Mach I '69",
  "Bandit": "BMW M5 E34 '87",
  "Warden": "Mercedes Benz CLK63 '07",
  "Hachi-Go": "Toyota AE86 '83",
  "Dacohosu": "Toyota Celica A20 '76",
  "Zismo": "Nissan 370z '13",
  "Eleganto": "Lexus RCF '14",
  "Patron GT": "Mercedes Benz AMG GT '15",
  "Unicorn": "Nissan Stagea '98",
  "Corona": "Toyota Mark II JZX81 '88",
  "HotRod": "Factory Five Hot Rod '35",
  "Solar": "Mitsubishi Eclipse '99",
  "Vanguard": "Audi RS6 Avant C7 '13",
  "Black Fox": "Ford Mustang '87",
  "Nomad GT": "Toyota Supra '20",
  "Inferno": "Dodge Charger '15",
  "Flash": "Nissan Skyline ER34 '98",
  "Penguin": "Pontiac Solstice '06",
  "GloriousXZ": "Nissan 300zx '89",
  "Interstate": "Pontiac Trans Am '77",
  "Hummel": "Porsche 911 '73",
  "Kitsune": "Honda NSX '97",
  "Rattlesnake": "Dodge Viper '96",
  "Grace GT": "Toyota Yaris GR '21",
  "Equator D": "Infiniti G35 '05",
  "MIRA": "Toyota MR2 '98",
  "THOR E8": "BMW i8 '14",
  "PRESTIGIO": "Lamborghini Huracan '16",
  "CONSUL GT": "Mercedes C63 AMG '18",
  "KAIJU": "Nissan Skyline GTS-R '87",
  "ROYAL": "Toyota Crown Majesta '99",
  "RINA": "Toyota Carina AA63 '81",
  "MOON KNIGHT": "Nissan Skyline HR32 '89",
  "LAMBERJACK": "Subaru Forester STi '04",
  "LONG RIVER": "GAZ-24 Volga '77",
  "SENSEI": "Toyota Cresta '96",
  "DAISHO COLOR MERCURY SAYAKA SPL": "Sayaka Shimoda's Nissan Silvia S15 '99",
  "KIZOKU": "Lexus GS300 '97",
  "YAKUZA": "Toyota Crown Royal JZS175 '99",
  "KEI TRUCK": "Suzuki Carry '93",
  "LOKI 4GT": "BMW M4 Competition '21",
  "ASURA GXR": "Toyota GR86 '22",
  "BIMMY P31": "BMW 850CSi '93",
  "Zismo Z4": "Nissan 400Z '22",
  "BIMMY P24": "BMW M6 E24 '76",
  "HORNET S72": "Chevrolet Camero '70",
  "HWARANG": "Hyundai Genesis Coupe '08",
  "COBRA S650": "Mustang GT S650 '24",
  "STERLING": "Aston Martin Vantage '22",
  "ZEPHYR": "Nissan Cefiro A31 '88",
  "SL80 SAYAKA SPECIAL": "Nissan Sileighty '98",
  "REDLINE S": "Honda S2000",
  "X TRUCK": "Toyota Tacoma"
}